{
  "lang":"vi",
  "name":"pipeline",
  "version":"0.0.0",
  "spacy_version":">=3.8.3,<3.9.0",
  "description":"",
  "author":"",
  "email":"",
  "url":"",
  "license":"",
  "spacy_git_version":"be0fa81",
  "vectors":{
    "width":0,
    "vectors":0,
    "keys":0,
    "name":null,
    "mode":"default"
  },
  "labels":{
    "tok2vec":[

    ],
    "ner":[
      "B-ADDRESS",
      "B-DES",
      "B-EMAIL",
      "B-NAME",
      "B-ORG",
      "B-PHONE",
      "B-WEB",
      "I-ADDRESS",
      "I-DES",
      "I-EMAIL",
      "I-NAME",
      "I-ORG",
      "I-PHONE",
      "I-WEB"
    ]
  },
  "pipeline":[
    "tok2vec",
    "ner"
  ],
  "components":[
    "tok2vec",
    "ner"
  ],
  "disabled":[

  ],
  "performance":{
    "ents_f":0.7119113573,
    "ents_p":0.704109589,
    "ents_r":0.7198879552,
    "ents_per_type":{
      "B-ADDRESS":{
        "p":0.6428571429,
        "r":0.6,
        "f":0.6206896552
      },
      "B-NAME":{
        "p":0.8,
        "r":0.5714285714,
        "f":0.6666666667
      },
      "I-NAME":{
        "p":0.6097560976,
        "r":0.6578947368,
        "f":0.6329113924
      },
      "I-ORG":{
        "p":0.4418604651,
        "r":0.5428571429,
        "f":0.4871794872
      },
      "B-PHONE":{
        "p":0.8461538462,
        "r":0.7857142857,
        "f":0.8148148148
      },
      "I-PHONE":{
        "p":0.8863636364,
        "r":0.9285714286,
        "f":0.9069767442
      },
      "I-DES":{
        "p":0.375,
        "r":0.1875,
        "f":0.25
      },
      "B-WEB":{
        "p":0.7272727273,
        "r":0.5714285714,
        "f":0.64
      },
      "I-ADDRESS":{
        "p":0.7428571429,
        "r":0.8813559322,
        "f":0.8062015504
      },
      "B-EMAIL":{
        "p":0.8235294118,
        "r":0.7777777778,
        "f":0.8
      },
      "B-ORG":{
        "p":0.25,
        "r":0.25,
        "f":0.25
      },
      "B-DES":{
        "p":1.0,
        "r":0.125,
        "f":0.2222222222
      },
      "I-WEB":{
        "p":0.0,
        "r":0.0,
        "f":0.0
      }
    },
    "tok2vec_loss":229.2602334083,
    "ner_loss":653.329284668
  }
}