{
  "lang":"vi",
  "name":"pipeline",
  "version":"0.0.0",
  "spacy_version":">=3.8.3,<3.9.0",
  "description":"",
  "author":"",
  "email":"",
  "url":"",
  "license":"",
  "spacy_git_version":"be0fa81",
  "vectors":{
    "width":0,
    "vectors":0,
    "keys":0,
    "name":null,
    "mode":"default"
  },
  "labels":{
    "tok2vec":[

    ],
    "ner":[
      "B-ADDRESS",
      "B-DES",
      "B-EMAIL",
      "B-NAME",
      "B-ORG",
      "B-PHONE",
      "B-WEB",
      "I-ADDRESS",
      "I-DES",
      "I-EMAIL",
      "I-NAME",
      "I-ORG",
      "I-PHONE",
      "I-WEB"
    ]
  },
  "pipeline":[
    "tok2vec",
    "ner"
  ],
  "components":[
    "tok2vec",
    "ner"
  ],
  "disabled":[

  ],
  "performance":{
    "ents_f":0.7296137339,
    "ents_p":0.7456140351,
    "ents_r":0.7142857143,
    "ents_per_type":{
      "I-ADDRESS":{
        "p":0.78125,
        "r":0.8474576271,
        "f":0.8130081301
      },
      "B-NAME":{
        "p":0.6428571429,
        "r":0.4285714286,
        "f":0.5142857143
      },
      "I-NAME":{
        "p":0.6666666667,
        "r":0.6315789474,
        "f":0.6486486486
      },
      "B-PHONE":{
        "p":0.7931034483,
        "r":0.8214285714,
        "f":0.8070175439
      },
      "I-PHONE":{
        "p":0.8888888889,
        "r":0.9523809524,
        "f":0.9195402299
      },
      "B-WEB":{
        "p":0.7692307692,
        "r":0.7142857143,
        "f":0.7407407407
      },
      "B-ADDRESS":{
        "p":0.9,
        "r":0.6,
        "f":0.72
      },
      "B-EMAIL":{
        "p":0.7222222222,
        "r":0.7222222222,
        "f":0.7222222222
      },
      "I-ORG":{
        "p":0.6176470588,
        "r":0.6,
        "f":0.6086956522
      },
      "B-ORG":{
        "p":0.25,
        "r":0.25,
        "f":0.25
      },
      "B-DES":{
        "p":0.4285714286,
        "r":0.375,
        "f":0.4
      },
      "I-DES":{
        "p":0.6666666667,
        "r":0.125,
        "f":0.2105263158
      },
      "I-EMAIL":{
        "p":0.0,
        "r":0.0,
        "f":0.0
      }
    },
    "tok2vec_loss":560.6755855764,
    "ner_loss":609.950378418
  }
}